"AnswerID","QuestionID","Answer","blnCorrect","Random"
2372,895,"Coastline",0,2372.00
2373,895,"Terrain",0,2373.00
2374,895,"Target",0,2374.00
2375,895,"Radar",1,2375.00
2380,896,"16; 16",0,2380.00
2381,896,"8; 16",0,2381.00
2382,896,"16; 48",0,2382.00
2383,896,"14; 28",0,2383.00
2384,897,"AIS 03",0,2384.00
2385,897,"BAR 01",0,2385.00
2386,897,"BAR 04",0,2386.00
2387,897,"SEM 01",0,2387.00
2403,903,"INS Data",1,2403.00
2404,903,"GPS",0,2404.00
2405,903,"KN-4074-A",0,2405.00
2406,903,"EO/IR line-of-sight",1,2406.00
2407,904,"45,000; -35C",1,2407.00
2424,908,"-70 C, thrice",0,2424.00
2425,908,"-59 C, once",0,2425.00
2426,908,"-50 C, thrice",0,2426.00
2427,908,"-50 C, once",0,2427.00
2428,909,"True",1,2428.00
2429,909,"False",0,2429.00
2432,911,"6 secs",0,2432.00
2433,911,"30 secs",1,2433.00
2434,911,"60 secs",0,2434.00
2435,911,"90 secs",0,2435.00
2436,912,"SC; SIGINT; COMTENTHFLT",1,2436.00
2438,913,"Link-16; JREAP-C",1,2438.00
2442,914,"WCCS",1,2442.00
2443,914,"WBSC",0,2443.00
2444,914,"VCS",1,2444.00
2445,914,"NTCS",1,2445.00
2447,916,"KN-4074-A",1,2447.00
2448,916,"KN-4074-B",0,2448.00
2449,916,"LN-251-A",0,2449.00
2450,916,"LN-251-B",0,2450.00
2452,917,"True",1,2452.00
2453,917,"False",0,2453.00
2454,918,"True",1,2454.00
2455,918,"False",0,2455.00
2456,919,"Upon completion of Phone Home",0,2456.00
2457,919,"AMP start-up",0,2457.00
2458,919,"MSN PLN start",0,2458.00
2459,919,"Upon GMVO disconnect",0,2459.00
2461,920,"60 seconds",0,2461.00
2462,920,"30 seconds",1,2462.00
2463,920,"2 minutes",0,2463.00
2464,920,"5 minutes",0,2464.00
2473,923,"30 seconds",0,2473.00
2474,923,"1 minute",0,2474.00
2475,923,"2 minutes",1,2475.00
2476,923,"3 minutes",0,2476.00
2477,924,"7700",0,2477.00
2478,924,"7500",0,2478.00
2479,924,"7600",0,2479.00
2480,924,"1200",0,2480.00
2488,926,"Lost Link",1,2488.00
2489,927,"Return to Base",1,2489.00
2490,928,"Emergency Landing",1,2490.00
2491,929,"Waveoff",1,2491.00
2493,930,"Takeoff Abort",1,2493.00
2494,931,"Five",1,2494.00
2499,933,"True",0,2499.00
2500,933,"False",1,2500.00
2502,934,"30 secs",0,2502.00
2503,934,"10 secs",0,2503.00
2504,934,"6 secs",1,2504.00
2505,934,"20 secs",0,2505.00
2510,935,"IMMC",0,2510.00
2511,935,"AMP",0,2511.00
2512,935,"AMP PLC2 Channel Enable",1,2512.00
2513,935,"DTM",0,2513.00
2514,936,"Ownship",1,2514.00
2515,936,"AIS",1,2515.00
2516,936,"MTI",1,2516.00
2519,937,"EOW, EON, IR, LLTV",0,2519.00
2520,937,"Day TV, Low Light TV (LLTV), Midwave Infrared (MWIR), Laser Echo",0,2520.00
2521,937,"Midwave Infrared (MWIR), Situational Day TV (SDTV), Higher-resolution Day TV (DTV), Low Light TV (LLTV)",1,2521.00
2522,937,"EOW, Situational Day TV (SDTV), Low Light TV (LLTV), Midwave Infrared (MWIR)",0,2522.00
2523,938,"Orange Eyebrow",1,2523.00
2524,938,"Solid Colored Diamond",0,2524.00
2525,938,"White and Black Rings",0,2525.00
2526,938,"Yellow Eyebrow",0,2526.00
2527,939,"5 minutes",0,2527.00
2528,939,"30 seconds",0,2528.00
2529,939,"10 minutes",0,2529.00
2530,939,"2 minutes",1,2530.00
2531,940,"True",0,2531.00
2532,940,"False",1,2532.00
2533,941,"5-10",0,2533.00
2534,941,"10-15",0,2534.00
2535,941,"1-30",0,2535.00
2536,941,"6-10",0,2536.00
2538,942,"NTCS",0,2538.00
2539,942,"WCCS",1,2539.00
2540,942,"ICS",0,2540.00
2541,942,"Link Subsystem",0,2541.00
2542,943,"Comms Manager",0,2542.00
2543,943,"RSP",0,2543.00
2544,943,"MTD",0,2544.00
2545,943,"AMP",0,2545.00
2554,946,"ESM",0,2554.00
2555,946,"MFAS",1,2555.00
2556,946,"AIS",0,2556.00
2557,946,"EO/IR",0,2557.00
2560,948,"2",0,2560.00
2561,948,"4",0,2561.00
2562,948,"5",0,2562.00
2563,948,"8",1,2563.00
2564,949,"7400",0,2564.00
2565,949,"7600",0,2565.00
2566,949,"7500",0,2566.00
2567,949,"7700",1,2567.00
2569,950,"MFAS",0,2569.00
2570,950,"BAR",0,2570.00
2571,950,"AMP",1,2571.00
2572,950,"ASRM",0,2572.00
2573,951,"Labels/button text",0,2573.00
2574,951,"Button volume bar",0,2574.00
2575,951,"Local activity on the radio activity bar",1,2575.00
2576,951,"Selections on the PA Configuration page",0,2576.00
2581,953,"User button selections",0,2581.00
2582,953,"	SECRET state indication and SECRET TX",1,2582.00
2583,953,"	TS/SCI state indication and TS/SCI TX",0,2583.00
2584,953,"	Used to show active relay connections",0,2584.00
2585,954,"User button selections",0,2585.00
2586,954,"	SECRET state indication and SECRET TX",0,2586.00
2587,954,"	TS/SCI state indication and TS/SCI TX",1,2587.00
2588,954,"Used to show active relay connections",0,2588.00
2589,955,"Inactive/not selected/general info",1,2589.00
2590,955,"	No activity on radio activity bar.",1,2590.00
2591,955,"	Other activity on radio activity bar.",0,2591.00
2592,955,"Selections on the PA Configuration page",0,2592.00
2605,958,"Goto",0,2605.00
2606,958,"Suspend",0,2606.00
2607,958,"Override steering",0,2607.00
2608,958,"On Track",0,2608.00
2611,960,"Alert",1,2611.00
2612,960,"Warning",0,2612.00
2613,960,"Informational Event Level",0,2613.00
2614,960,"An ORD MOD",0,2614.00
2615,961,"INMARSAT",0,2615.00
2616,961,"PLC2",0,2616.00
2617,961,"UAC2",0,2617.00
2618,961,"DRAMOC",0,2618.00
2619,962,"Fluorinert",0,2619.00
2620,962,"Polyalphaolefin (PAO)",1,2620.00
2621,962,"Low pressure oil",0,2621.00
2622,962,"Bleed air",0,2622.00
2623,963,"15 seconds",0,2623.00
2624,963,"20 seconds",0,2624.00
2625,963,"30 seconds",1,2625.00
2626,963,"1 minute",0,2626.00
2629,965,"Bleed air",0,2629.00
2630,965,"External Airflow",0,2630.00
2631,965,"Internal Cooling",0,2631.00
2632,965,"Polyalphaolefin (PAO)",1,2632.00
2646,969,"LOI-2 dissemination settings",0,2646.00
2647,969,"Sensor collection plans",1,2647.00
2648,969,"CDL parameters",0,2648.00
2649,970,"High or low temp in both IMMC",1,2649.00
2650,970,"Complete navigation system failure",1,2650.00
2651,970,"All AC and DC Generator failure",1,2651.00
2652,970,"Engine Failiure",1,2652.00
2653,971,"Gimbal seizure",0,2653.00
2654,971,"Severity faults",0,2654.00
2655,971,"Loss of radio communications",0,2655.00
2656,971,"Cold soaking",1,2656.00
2658,972,"38F",0,2658.00
2659,972,"-38C",1,2659.00
2660,972,"38C",0,2660.00
2661,972,"-38F",0,2661.00
2664,973,"True",1,2664.00
2665,973,"False",0,2665.00
2666,974,"54,500'",1,2666.00
2667,974,"55,000'",0,2667.00
2668,974,"55,400'",0,2668.00
2669,974,"58,999'",0,2669.00
2670,975,"59 °F",0,2670.00
2671,975,"75 °F",0,2671.00
2672,975,"65 °F",0,2672.00
2673,975,"83.4 °F",0,2673.00
2674,976,"True",1,2674.00
2675,976,"False",0,2675.00
2676,977,"True",1,2676.00
2677,977,"False",0,2677.00
2678,978,"at the hold short",0,2678.00
2679,978,"during start-up",0,2679.00
2685,980,"AMP",0,2685.00
2686,980,"MFAS Altitude Safety Interlock (MASI)",0,2686.00
2687,980,"WBRE",0,2687.00
2688,980,"IMMC",1,2688.00
2689,981,"True",1,2689.00
2690,981,"False",0,2690.00
2693,983,"True",1,2693.00
2694,983,"False",0,2694.00
2695,984,"Order Modification",0,2695.00
2696,984,"Snubber Seizure",1,2696.00
2697,984,"Gimbal Lock",0,2697.00
2698,984,"Over Temperature",0,2698.00
2699,985,"Peak",0,2699.00
2700,985,"Lock",0,2700.00
2701,985,"Stop",0,2701.00
2702,985,"Flank",0,2702.00
2703,986,"WCCS",0,2703.00
2704,986,"CDL",0,2704.00
2705,986,"WBSC",0,2705.00
2706,986,"INMARSAT",1,2706.00
2707,987,"reaching the hold short",1,2707.00
2708,987,"after taxi begins",0,2708.00
2709,987,"GMVO disconnect",0,2709.00
2710,987,"after pre-flight is complete, but before taxi.",0,2710.00
2711,988,"ELEC PWR 234",1,2711.00
2718,991,"-65",0,2718.00
2719,991,"-75",0,2719.00
2720,991,"-59",0,2720.00
2721,991,"-70",1,2721.00
2722,992,"74.3 °F",0,2722.00
2723,992,"75 °F",1,2723.00
2724,992,"81 °F",0,2724.00
2725,992,"62.6 °F",0,2725.00
2726,993,"True",1,2726.00
2727,993,"False",0,2727.00
2728,994,"True",1,2728.00
2729,994,"False",0,2729.00
2734,996,"True",1,2734.00
2736,997,"True",1,2736.00
2737,997,"False",0,2737.00
2738,998,"EOIR 69",0,2738.00
2739,998,"EOIR 76",1,2739.00
2740,998,"EOIR 41",0,2740.00
2741,998,"EOIR 52",0,2741.00
2746,1000,"True",1,2746.00
2747,1001,"True",1,2747.00
2748,1001,"False",0,2748.00
2754,1004,"2",0,2754.00
2755,1004,"4",0,2755.00
2756,1004,"6",1,2756.00
2757,1004,"8",0,2757.00
2758,1005,"True",1,2758.00
2759,1005,"False",0,2759.00
2760,1006,"0-60",1,2760.00
2772,1009,"Minotaur Default Custom Symbols (large and small)",1,2772.00
2773,1009,"National Tactical Data System (NTDS)",1,2773.00
2774,1009,"North Atlantic Treaty Organization (NATO) Military Standard (MIL-STD) 
2525B",1,2774.00
2775,1009,"Heavy-Dense",0,2775.00
2776,1010,"15.0",1,2776.00
2777,1010,"7.7",0,2777.00
2778,1010,"9.0",0,2778.00
2779,1010,"10.6",0,2779.00
2782,1012,"UHF SATCOM",0,2782.00
2783,1012,"CDL",1,2783.00
2784,1012,"UHF",0,2784.00
2785,1012,"INMARSAT",0,2785.00
2791,1016,"AMP is secured by IMMC autonomously.",1,2791.00
2792,1017,"AMP temperature status via the MDM CaD.",1,2792.00
2795,1019,"28Vdc",0,2795.00
2796,1019,"23Vdc",1,2796.00
2797,1019,"26Vdc",0,2797.00
2798,1019,"25Vdc",0,2798.00
2799,1020,"True",1,2799.00
2800,1020,"False",0,2800.00
2801,1021,"True",1,2801.00
2802,1021,"False",0,2802.00
2807,1023,"Failure of both IMMCs",1,2807.00
2808,1023,"Loss of WBSC link",0,2808.00
2809,1023,"Loss of AMP",0,2809.00
2810,1023,"Fire in MOB",0,2810.00
2812,1024,"True",0,2812.00
2813,1024,"False",1,2813.00
2814,1025,"The spoilers are set to 65°",1,2814.00
2815,1025,"The ailerons are set to maximum deflection for a right turn",1,2815.00
2816,1025,"The ruddervators are set to zero deflection",1,2816.00
2817,1025,"PLA is set to max",0,2817.00
2818,1026,"Rapid increase in ITT",1,2818.00
2824,1028,"True",0,2824.00
2825,1028,"False",1,2825.00
2826,1029,"GNC 09 warning",1,2826.00
2827,1029,"GNC 08 caution",1,2827.00
2828,1029,"GNC 12 caution",1,2828.00
2829,1029,"GNC 15 warning",0,2829.00
2830,1030,"WBSC",1,2830.00
2831,1030,"CDL",1,2831.00
2832,1030,"UHF SATCOM",0,2832.00
2833,1030,"UHF LOS",0,2833.00
2836,1031,"UHF satellite communications (SATCOM)",1,2836.00
2837,1031,"International Maritime Satellite (INMARSAT)",1,2837.00
2838,1031,"Wideband SATCOM (WBSC)",1,2838.00
2839,1031,"Common Data Link (CDL)",0,2839.00
2840,1032,"True",1,2840.00
2841,1032,"False",0,2841.00
2849,1036,"3",1,2849.00
2850,1036,"4",0,2850.00
2851,1036,"5",0,2851.00
2852,1036,"6",0,2852.00
2853,1037,"HAVEQUICK",0,2853.00
2854,1037,"SINCGARS",0,2854.00
2855,1037,"VoIP",1,2855.00
2856,1037,"PSTN",0,2856.00
2858,1038,"UA IFF/TCAS Control window",1,2858.00
2862,1039,"Green",1,2862.00
2863,1039,"Black",0,2863.00
2864,1039,"Yellow",0,2864.00
2865,1039,"Red",0,2865.00
2866,1040,"True",1,2866.00
2867,1040,"False",0,2867.00
2868,1041,"Kearfott KN-4074-A",1,2868.00
2869,1041,"Kearfott KN-4074-B",1,2869.00
2870,1041,"Litton LN-251-A",0,2870.00
2871,1041,"Litton LN-251-B",0,2871.00
2872,1042,"Kearfott KN-4074-A",1,2872.00
2873,1042,"Kearfott KN-4074-B",0,2873.00
2874,1042,"Litton LN-251-A",1,2874.00
2875,1042,"Litton LN-251-B",1,2875.00
2876,1043,"INS 211, INS 212, INS 213, or INS 214",1,2876.00
2877,1044,"Kearfott KN-4074-A",0,2877.00
2878,1044,"Kearfott KN-4074-B",0,2878.00
2879,1044,"Litton LN-251-A",0,2879.00
2880,1044,"Litton LN-251-B",1,2880.00
2889,1045,"True",1,2889.00
2892,1045,"False",0,2892.00
2893,932,"10, 19",1,2893.00
2894,978,"after takeoff",0,2894.00
2895,978,"before landing",0,2895.00
2901,1047,"True",1,2901.00
2902,1047,"False",0,2902.00
2911,1049,"True",1,2911.00
2912,1049,"False",0,2912.00
2913,1050,"True",0,2913.00
2914,1050,"False",1,2914.00
2915,1051,"True",0,2915.00
2916,1051,"False",1,2916.00
2921,1053,"True",0,2921.00
2922,1053,"False",1,2922.00
2923,996,"False",0,2923.00
2927,1000,"False",0,2927.00
2931,1054,"Tactical utilization of",0,2931.00
2932,1054,"Powering on",1,2932.00
2933,1054,"Powering off",0,2933.00
2934,1054,"Cold-soaking",0,2934.00
2935,1054,"Stowing",0,2935.00
2938,1055,"The INS has lost GPS uplink",0,2938.00
2939,1055,"The INS gyro needs to realign",0,2939.00
2940,1055,"The INS is reported as calibrating",0,2940.00
2941,1055,"The INS is reporting lost connection to WBSC",0,2941.00
2944,1057,"Wideband Command and Control Communications System (WCCS)",1,2944.00
2945,1057,"Narrowband Tactical Communication Subsystem (NTCS)",1,2945.00
2956,1061,"True",1,2956.00
2957,1061,"False",0,2957.00
2958,1062,"True",1,2958.00
2959,1062,"False",0,2959.00
2960,1063,"True",1,2960.00
2961,1063,"False",0,2961.00
2962,1064,"Power up, integration, and shutdown of avionics",1,2962.00
2963,1064,"Navigation and Guidance",1,2963.00
2964,1064,"BIT, warning, caution, and contingency processing",1,2964.00
2965,1064,"Mission and payload management (AMP)",1,2965.00
2966,1065,"EO/IR Turret Unit",0,2966.00
2967,1065,"MFAS WBRE",1,2967.00
2968,1065,"SATCOM HPA",1,2968.00
2969,1065,"MFAS radar antenna",1,2969.00
2970,1066,"Forward and aft equipment compartments",1,2970.00
2971,1066,"Hydraulic fluid",1,2971.00
2972,1066,"Generator oil",1,2972.00
2973,1066,"Engine Bleed Air",1,2973.00
2974,1066,"high band chassis (HBC) and low band chassis (LBC)",1,2974.00
2975,1066,"LCS coolant",1,2975.00
2977,1068,"argue",0,2977.00
2978,1068,"bring attention to",1,2978.00
2979,1068,"notice",0,2979.00
2980,1068,"make note of",0,2980.00
2984,1057,"Common Data Link (CDL)",0,2984.00
2985,1057,"Wideband SATCOM (WBSC)",0,2985.00
2989,938,"Gray Eyebrow",0,2989.00
2990,969,"Flight plan",1,2990.00
2991,970,"Failure of both IMMCs",1,2991.00
2992,1068,"make",0,2992.00
2993,895,"Air",0,2993.00
2995,903,"MPO Drift Variance Offset (MDVO)",0,2995.00
2996,978,"during preflight",1,2996.00
2997,937,"Infrared Cold (IRC), Infrared Hot (IRH), EOW, EON",0,2997.00
2998,998,"EOIR 24",1,2998.00
2999,984,"Equipment Damage",0,2999.00
3000,987,"after takeoff",0,3000.00
3001,985,"Geo-register",1,3001.00
3002,972,"38K",0,3002.00
3004,911,"120 secs",0,3004.00
3005,963,"2 minutes",0,3005.00
3006,958,"All of the above",1,3006.00
3007,949,"7300",0,3007.00
3008,934,"15 secs",0,3008.00
3009,965,"Refrigerant",0,3009.00
3010,1029,"GNC 17 caution",0,3010.00
3011,960,"Caution",0,3011.00
3012,1055,"The INS is reported as failed",1,3012.00
3013,1025,"Landing gear set to down",0,3013.00
3015,1064,"Data link and communications management",1,3015.00
3016,1019,"25Vdc",0,3016.00
3017,1065,"Low Band Chassis Encabulator (LBCE)",0,3017.00
3018,971,"BAR zeroization",0,3018.00
3019,1010,"10.2",0,3019.00
3020,1031,"Link 16",0,3020.00
3021,1039,"Blue",0,3021.00
3022,1030,"INMARSAT",1,3022.00
3023,1023,"Loss of KN-4074-A",0,3023.00
3024,946,"HBC/LBC",0,3024.00
3025,991,"-40",0,3025.00
3026,992,"83.4 °F",0,3026.00
3027,980,"AGA",0,3027.00
3028,975,"82 °F",1,3028.00
3029,974,"54,000'",0,3029.00
3031,1036,"7",0,3031.00
3032,908,"-70 C, once",1,3032.00
3033,961,"WBSC",1,3033.00
3034,1009,"MIL–STD–1787C(+)",0,3034.00
3035,936,"Radar",1,3035.00
3036,935,"MEPS-VMS Monitor",0,3036.00
3037,969,"All of the above",0,3037.00
3040,1044,"DGPS (Onmistar)",0,3040.00
3041,1041,"TA-24",0,3041.00
3042,1042,"TA-24",0,3042.00
3043,1012,"Wide-Band SATCOM (WBSC)",1,3043.00
3044,943,"Operator Work Station",1,3044.00
3046,939,"45 seconds",0,3046.00
3047,948,"10",0,3047.00
3049,955,"Used to show user button selections",0,3049.00
3050,954,"Other activity on radio activity bar",0,3050.00
3051,953,"Other activity on radio activity bar",0,3051.00
3052,951,"No activity on radio activity bar",0,3052.00
3054,962,"Fuel",0,3054.00
3056,1037,"SATCOM",0,3056.00
3057,914,"INMARSAT",0,3057.00
3058,942,"CDL",0,3058.00
3059,1004,"10",0,3059.00
3060,950,"KBAR",0,3060.00
3061,986,"UHF SATCOM",0,3061.00
3062,919,"During UA start-up",1,3062.00
3063,920,"8 Minutes",0,3063.00
3064,923,"4 minutes",0,3064.00
3066,897,"SEM 04",1,3066.00
3067,896,"16; 32",1,3067.00
3068,941,"0-60",1,3068.00
3069,924,"7400",1,3069.00
3070,1069,"True",1,3070.00
3071,1069,"False",0,3071.00
3072,1070,"True",1,3072.00
3073,1070,"False",0,3073.00
3074,1071,"True",0,3074.00
3075,1071,"False",1,3075.00
3077,1072,"One KN at 17 and one LN at 18",1,3077.00
3078,1072,"One KN at 18 and one LN at 17",0,3078.00
3079,1072,"Both KNs at 17",1,3079.00
3080,1072,"Both LNs at 17",0,3080.00
3081,1072,"Both LNs at 18",1,3081.00
3082,1073,"True",1,3082.00
3083,1073,"False",0,3083.00
3085,1074,"True",1,3085.00
3086,1074,"False",0,3086.00
3093,1076,"True",0,3093.00
3094,1076,"False",1,3094.00
3095,1077,"Tactical Coordinator (TC)",0,3095.00
3096,1077,"Mission Payload Operator (MPO)",0,3096.00
3097,1077,"Signals Intelligence (SIGINT) Coordinator (SC)",0,3097.00
3098,1077,"System Administrator (SA)",1,3098.00
3099,1077,"Ground Maintenance Vehicle Operator (GMVO)",0,3099.00
3101,1078,"NOTERM, INIT and SYNC",1,3101.00
3102,1079,"70°C",0,3102.00
3103,1079,"74°C",0,3103.00
3104,1079,"80°C",0,3104.00
3105,1079,"84°C",1,3105.00
3106,1079,"85°C",0,3106.00
3113,1081,"the EO/IR failing to stow.",1,3113.00
3114,1082,"True",1,3114.00
3115,1082,"False",0,3115.00
3117,1083,"25",1,3117.00
3118,1084,"True",1,3118.00
3119,1084,"False",0,3119.00
3121,1057,"JVOICE",0,3121.00
3122,1085,"NotBIT",1,3122.00
3123,1085,"QBIT",0,3123.00
3124,1085,"IBIT",0,3124.00
3125,1085,"PBIT",0,3125.00
3126,1085,"Unknown BIT",1,3126.00
3127,1086,"Above/Increasing",0,3127.00
3128,1086,"Above/Decreasing",0,3128.00
3129,1086,"Below/Increasing",1,3129.00
3130,1086,"Below/Decreasing",0,3130.00
3131,1086,"Equal to/Matching",0,3131.00
3136,1088,"Centroid Track",1,3136.00
3137,1088,"Area Track",1,3137.00
3138,1088,"Gradient Correlation Track (GCT)",1,3138.00
3139,1088,"Automatic",1,3139.00
3140,1089,"15,000",0,3140.00
3141,1089,"20,000",0,3141.00
3142,1089,"25,000",0,3142.00
3143,1089,"30,000",1,3143.00
3144,1089,"35,000",0,3144.00
3146,1090,"Astrisk",0,3146.00
3147,1090,"Orange",0,3147.00
3148,1090,"Red",1,3148.00
3149,1090,"Pea Green",0,3149.00
3150,1090,"Yellow",0,3150.00
3151,1091,"Astrisk",0,3151.00
3152,1091,"Orange",0,3152.00
3153,1091,"Red",0,3153.00
3154,1091,"Pea Green",0,3154.00
3155,1091,"Yellow",1,3155.00
3156,1092,"True",1,3156.00
3157,1092,"False",0,3157.00
3162,1095,"HBC Fault Code 1-12, LBC Fault Codes 1-4 and 9-12.",1,3162.00
3164,1096,"One",1,3164.00
3165,1096,"Two",0,3165.00
3166,1096,"Three",0,3166.00
3167,1096,"Four",0,3167.00
3168,1096,"Five",0,3168.00
3169,1097,"True",1,3169.00
3170,1097,"False",0,3170.00
3171,1098,"True",0,3171.00
3172,1098,"False",1,3172.00
3173,1099,"True",1,3173.00
3174,1099,"False",0,3174.00
3180,1101,"Secure power to all sensors",1,3180.00
3182,1102,"True",1,3182.00
3183,1103,"True",1,3183.00
3184,1103,"False",0,3184.00
3186,1104,"True",1,3186.00
3187,1104,"False",0,3187.00
3188,1105,"True",1,3188.00
3189,1105,"False",0,3189.00
3193,1107,"30 Seconds",1,3193.00
3194,1107,"1 Minute",0,3194.00
3195,1107,"2 Minutes",0,3195.00
3196,1107,"3 Minutes",0,3196.00
3197,1107,"4 Minutes",0,3197.00
3198,916,"Last INS fix correlated to a GPS waypoint",0,3198.00
3200,1108,"ECS recirculation pump fuel temperature",0,3200.00
3201,1108,"IMMC A Temperature",0,3201.00
3202,1108,"IMMC B Temperature",0,3202.00
3203,1108,"Forward avionics compartment air temperature",1,3203.00
3204,1108,"PAO supply temperature",0,3204.00
3206,1109,"ECS recirculation pump fuel temperature",0,3206.00
3207,1109,"IMMC A Temperature",0,3207.00
3208,1109,"IMMC B Temperature",0,3208.00
3209,1109,"Forward avionics compartment air temperature",0,3209.00
3210,1109,"PAO supply temperature",1,3210.00
3211,1110,"Control Payload Power via the IMMC",0,3211.00
3212,1110,"	Collecting AMP and Payload PHM data",0,3212.00
3213,1110,"	Report faults, health and operating status to the Mission Execution Software/MCS",0,3213.00
3214,1110,"Performs safety critical functions of monitoring the LCS and monitoring of communications equipment status",0,3214.00
3215,1110,"All of the above",1,3215.00
3216,1111,"Maritime Surface Search (MSS)",1,3216.00
3217,1111,"Dopler Radar Scan (DRS)",0,3217.00
3218,1111,"Inverse Synthetic Aperture Radar (ISAR)",1,3218.00
3219,1111,"Synthetic Aperture Radar (SAR)",1,3219.00
3220,1111,"Weather Avoidance Scan (WAS)",0,3220.00
3222,1112,"True",0,3222.00
3223,1112,"False",1,3223.00
3224,1113,"Radar only or manual track",0,3224.00
3225,1113,"AIS-Only track",1,3225.00
3226,1113,"Fused AIS/Radar track",0,3226.00
3227,1113,"Unknown source track",0,3227.00
3228,1113,"VMTI track",0,3228.00
3230,1114,"Radar only or manual track",1,3230.00
3231,1114,"AIS-Only track",0,3231.00
3232,1114,"Fused AIS/Radar track",0,3232.00
3233,1114,"Unknown source track",0,3233.00
3234,1114,"VMTI track",0,3234.00
3236,1115,"Track symbology incudes an orange box around the track symbol",0,3236.00
3237,1115,"The COI symbology appears on the operator’s workstation only; all other workstations need to mark the track as a COI",0,3237.00
3238,1115,"The track cannot be dropped",1,3238.00
3239,1115,"The track is annotated with orange cross hairs",1,3239.00
3240,1115,"A text box with COI # will appear on the track annotation on Minotaur",0,3240.00
3242,1116,"	Provides the operator with individual system health and status information",0,3242.00
3243,1116,"Provides real time updates of individual system connectivity to Minotaur",1,3243.00
3244,1116,"Provides tasking status of the system",0,3244.00
3245,1116,"Provides server information and systems connectivity to the backplane",0,3245.00
3246,1116,"None of the above",0,3246.00
3247,1117,"Green",1,3247.00
3248,1117,"Yellow",0,3248.00
3249,1117,"Cyan",0,3249.00
3250,1117,"Blue",0,3250.00
3251,1117,"Orange",0,3251.00
3252,1118,"Latching faults extinguish when corrective action is taken and the fault is corrected",0,3252.00
3253,1118,"	Non-latching faults remain illuminated, regardless of fault correction",0,3253.00
3254,1118,"When a non-latching fault extinguishes, the subsystem status window system button color changes to show the highest fault level still sensed or changes to green",1,3254.00
3255,1118,"Both A and C",0,3255.00
3256,1118,"None of the above",0,3256.00
3258,1119,"Subsystem Status window",1,3258.00
3259,1119,"Fault History window",1,3259.00
3260,1119,"Active Fault Status window",1,3260.00
3261,1119,"Master Caution window",1,3261.00
3262,1119,"Master Fault Illumination Panel (MFIP)",0,3262.00
3263,1120,"Load Shedding",1,3263.00
3264,1121,"True",1,3264.00
3265,1121,"False",0,3265.00
3267,1122,"UAS type/size",1,3267.00
3268,1122,"Last known location and time of loss of link",1,3268.00
3269,1122,"Heading, altitude and estimated flight time remaining",1,3269.00
3270,1122,"UAC contact information",0,3270.00
3271,1122,"Pre-programmed loss of link flight instructions",1,3271.00
3272,1123,"Group 1",0,3272.00
3273,1123,"Group 2",0,3273.00
3274,1123,"Group 3",0,3274.00
3275,1123,"Group 4",0,3275.00
3276,1123,"Group 5",1,3276.00
3277,1124,"True",1,3277.00
3278,1124,"False",0,3278.00
3279,1125,"Operational flight program (OFP) software for the AMP and S-eVIP system.",1,3279.00
3280,1125,"Mission sensor data and mission plans",1,3280.00
3281,1125,"Prognostic and health management (PHM) data.",1,3281.00
3282,1125,"Link 16 initialization data load (IDL).",1,3282.00
3283,1125,"UAV BIOS",0,3283.00
3284,1126,"WILMA",1,3284.00
3285,1127,"Performing maintenance on the BAR",0,3285.00
3286,1127,"Displaying health, operational status and BIT",0,3286.00
3287,1127,"Perform preflight checkout and postflight diagnostics of payload WRA",0,3287.00
3288,1127,"Display BIT of the communications devices on the UA.",0,3288.00
3289,1127,"All the above",1,3289.00
3290,1128,"Removable Flash Storage Array (FSA)",0,3290.00
3291,1128,"BETTIE",1,3291.00
3292,1128,"Crypto Ingnition Key (CIK)",0,3292.00
3293,1128,"MCS through a C2 link",1,3293.00
3294,1128,"None of the above",0,3294.00
3295,1129,"KN-4074-A",0,3295.00
3296,1129,"KN-4074-b",0,3296.00
3297,1129,"LN-251-A",1,3297.00
3298,1129,"LN-251-B",0,3298.00
3299,1129,"TA-24",0,3299.00
3300,1130,"True",1,3300.00
3301,1130,"False",0,3301.00
3302,1131,"FL 450",0,3302.00
3303,1131,"FL 460",1,3303.00
3304,1131,"FL 470",0,3304.00
3305,1131,"FL 480",0,3305.00
3306,1131,"FL 500",0,3306.00
3308,1132,"Even altitudes",1,3308.00
3309,1133,"locked due to snubber seizure",0,3309.00
3310,1133,"engaged a BIT which will take two minutes to complete",0,3310.00
3311,1133,"cycled power to itself, expect power to the TU to be restored within two minutes",0,3311.00
3312,1133,"removed power from the inner and outer
gimbals",1,3312.00
3313,1133,"none of the above.",0,3313.00
3315,1134,"AMP 04 that does not clear",1,3315.00
3316,1134,"AMP 11 that does not clear",1,3316.00
3317,1134,"WBSATCOM 08 that does not clear.",1,3317.00
3318,1134,"When downloading data from the BAR, a Secure File Transfer Protocol (SFTP) error is displayed.",1,3318.00
3319,1134,"Phone Home connection is lost and subsequent Phone Home attempts fail due to an SSH protocol error.",1,3319.00
3320,1135,"Minotaur disconnection from the GSLOW results in loss of data flow",0,3320.00
3321,1135,"FSA is no longer accessible during normal operations to read or write data",1,3321.00
3322,1135,"BIT loop discontinuity between the BAR and KBAR CDS interrupts signal flow",0,3322.00
3323,1135,"IMMC A and IMMC B displaying erroneous data rates within 1 Mb/s of one another",0,3323.00
3324,1135,"Erroneous mission plan loaded onto the AMP causes computation disruptions",0,3324.00
3326,1136,"Loss of WBSC signal",0,3326.00
3327,1136,"Expiration of the stale data meter",0,3327.00
3328,1136,"Lack of failovers with a RDY/RDY signal",1,3328.00
3329,1136,"IMMC A and B signal heartbeat not detected for 30 seconds",0,3329.00
3330,1136,"CONT-1 inhibit signal not sent within time (0-60 minutes set by GMVO)",0,3330.00
3332,1137,"the CONT-1 timer has expired",1,3332.00
3333,1138,"True",1,3333.00
3334,1138,"False",0,3334.00
3335,1139,"Once the UA descends below 10,000 feet",1,3335.00
3336,1140,"Power off the HBC",1,3336.00
3337,1140,"Power off the LBC",1,3337.00
3338,1140,"Power off the KBAR",1,3338.00
3339,1140,"Power off the BAR",0,3339.00
3340,1140,"Zeroize the keys",1,3340.00
3341,1141,"Encrypts BAR Data",1,3341.00
3342,1141,"Secures IMMC handshake protocols",0,3342.00
3343,1141,"Provides WBCS firewall key ignition",0,3343.00
3344,1141,"Provides maintenance a link protocol to flight data",0,3344.00
3345,1141,"None of the above",0,3345.00
3348,1143,"True",1,3348.00
3349,1143,"False",0,3349.00
3350,1144,"True",0,3350.00
3351,1144,"False",1,3351.00
3352,1145,"1",0,3352.00
3353,1145,"2",0,3353.00
3354,1145,"3",1,3354.00
3355,1145,"4",0,3355.00
3356,1145,"5",0,3356.00
3357,1146,"KBAR",1,3357.00
3358,1102,"False",0,3358.00
3361,1147,"10",1,3361.00
3362,1148,"10,000 feet",1,3362.00
3363,1149,"True",1,3363.00
3364,1149,"False",0,3364.00
3365,1150,"EOIR",0,3365.00
3366,1150,"MFAS",1,3366.00
3367,1150,"HBC",0,3367.00
3368,1150,"LBC",0,3368.00
3370,1151,"True",0,3370.00
3371,1151,"False",1,3371.00
3372,1152,"True",1,3372.00
3373,1152,"False",0,3373.00
3374,1153,"BETTIE",1,3374.00
3375,1154,"True",1,3375.00
3376,1154,"False",0,3376.00
