"QuestionID","strQuestion","Reference","blnOpen","blnPrivate","blnRandomizeAnswer","Random","CategoryID","Times Used","Manual","A/C Type","System","WCN","Updated","Chapter","Page","Remarks","Position","Sub-Category","FillInBlankQuestion"
895,"The Digital Land Mass Canceller (DLMC) is a processor for the ______ tracker, which determines where on the map a contact lies, and performs the lookup of each contact to determine if it is in a land or water environment.",,0,0,0,0.23,1,0,"NATOPS","MQ-4C","DLMC",,8/1/2025 0:00:00,"22.1.1.2.5","22-7",,"TACCO","Payload Management",0
896,"The Broad Area Maritime Surveillance (BAMS) Airborne Recorder (BAR) incorporates _____ solid state drives in a removable flash storage array (FSA) for a data storage capacity of____TB.",,0,0,0,0.14,1,0,"NATOPS","MQ-4C","BAR",,8/1/2025 0:00:00,"22.2","22-10",,"TACCO","NOTE, CAUTION, WARNING",0
897,"A  _____  indicates that half of the BAR zeroize heartbeat timer has elapsed without a response. Self-zeroization of the BAR will occur once the remaining half of the BAR Heartbeat timeout expires.",,1,0,0,0.92,1,0,"NATOPS","MQ-4C","BAR",,8/1/2025 0:00:00,"FIG 16-48","16-770",,"TACCO","NOTE, CAUTION, WARNING",0
903,"The EO/IR incorporates an attitude reference system (ARS) that uses _____ and _______ to report precise target location. ARS is a software algorithm that continually reduces the EO/IR pointing location error.",,1,0,0,0.32,1,0,"NATOPS","MQ-4C","EO/IR",,8/1/2025 0:00:00,"23.4","23-14",,"TACCO","EO/IR",0
904,"	The EO/IR should not be turned OFF when the UA is descending from an altitude above ______ feet and TU AMB is cooler than or equal to _____.",,1,0,0,0.13,1,0,"NATOPS","MQ-4C","EO/IR",,8/1/2025 0:00:00,"FIG 23-19","23-23",,"TACCO","NOTE, CAUTION, WARNING",1
908,"What is the coldest temperature an operator may attempt an MFAS boot while in-flight non-operating and how many times per flight may you attempt it?",,1,0,0,0.95,1,0,"NATOPS","MQ-4C","MFAS",,8/1/2025 0:00:00,"Fig 23-5","23-7",,"TACCO","Limitations",0
909,"The aircraft will continue along the current flight path after the last waypoint on a discontinuous route.",,1,0,0,0.22,1,0,"NATOPS","MQ-4C","Mission Plan",,8/1/2025 0:00:00,"2.21.1","2-191",,"TACCO","NOTE, CAUTION, WARNING",0
911,"What is the default In-flight CONT-1 timer setting?",,1,0,0,0.42,1,0,"NATOPS","MQ-4C","CONT-1",,8/1/2025 0:00:00,"2.21.5.1","2-196",,"TACCO","Contingencies",0
912,"The ____ is responsible for coordinating ____ collection requirements between the crew and _____ distributed operators and other external units",,1,0,0,0.09,1,0,"NATOPS","MQ-4C",,,8/1/2025 0:00:00,"5.2.6","5-1",,"TACCO","CRM",1
913,"Link Alerts panel is to display any tactical data links (TDL) alerts received from either ____or from _____.",,0,0,0,0.08,1,0,"NATOPS","MQ-4C","LINK-16",,8/1/2025 0:00:00,"24.2.23.1","24-205",,"TACCO","DATA COMMUNICATIONS",1
914,"The communication system is broken down into the following subsystems: (Select all that apply)",,0,0,0,0.84,1,0,"NATOPS","MQ-4C","WCCS",,8/1/2025 0:00:00,"19.2","19-2",,"TACCO","DATA COMMUNICATIONS",0
916,"In the event that all four navigation systems have the same navigation quality, which navigation source will the IMMC select?",,1,0,0,0.57,1,0,"NATOPS","MQ-4C","NAVIGATION",,8/1/2025 0:00:00,"19.13.4.3","19-265",,"TACCO","SYSTEMS",0
917,"When power is removed to the BAR, the BAR becomes unclassified.",,0,0,0,0.10,1,0,"NATOPS","MQ-4C","BAR",,8/1/2025 0:00:00,"22.2","22-12",,"TACCO","PAYLOAD MANAGEMENT",0
918,"The Data Transport Manager (DTM) is the framework that supports the transfer of data between the AMP and the MES (Mission Execution Software).",,0,0,0,0.53,1,0,"NATOPS","MQ-4C","DATA TRANSPORT MANAGER",,8/1/2025 0:00:00,"22.1.1.1.5","22-4",,"TACCO","PAYLOAD MANAGEMENT",0
919,"When is the initial pinning of the BAR completed?",,0,0,0,0.77,1,0,"NATOPS","MQ-4C","BAR",,8/1/2025 0:00:00,"26.1.3","26-4",,"TACCO","SYSTEMS",0
920,"The BAR is powered off/on from the AVC2 interface by the AVP. Once commanded off, the AMP and BAR power down takes approximately ___.",,1,0,0,0.04,1,0,"NATOPS","MQ-4C","BAR",,8/1/2025 0:00:00,"26.1.3","26-4",,"TACCO","SYSTEMS",0
923,"When Commanded on, the BAR takes approximately _______ to reach a state where it can be re-pinned.",,1,0,0,0.69,1,0,"NATOPS","MQ-4C","BAR",,8/1/2025 0:00:00,"26.1.3","26-4",,"TACCO","SYSTEMS",0
924,"The lost link squawk is set from the vehicle test controller (VTC) during mission start. If the associated field is left blank, the Mode 3/A will default to ____ during a CONT-1 condition.",,0,0,0,0.02,1,0,"NATOPS","MQ-4C","CONT-1",,8/1/2025 0:00:00,"2.21.5.1","2-196",,"TACCO","NOTE, CAUTION, WARNING",0
926,"What is a Contingency 1?",,0,0,0,0.75,1,0,"NATOPS","MQ-4C","CONTINGENCIES",,8/1/2025 0:00:00,"2.21.5","2-195",,"TACCO","SYSTEMS",1
927,"What is a Contingency 2?",,0,0,0,0.83,1,0,"NATOPS","MQ-4C","CONTINGENCIES",,8/1/2025 0:00:00,"2.21.5","2-195",,"TACCO","SYSTEMS",1
928,"What is a Contingency 3?",,0,0,0,0.39,1,0,"NATOPS","MQ-4C","CONTINGENCIES",,8/1/2025 0:00:00,"2.21.5","2-195",,"TACCO","SYSTEMS",1
929,"What is a Contingency 4A?",,0,0,0,0.16,1,0,"NATOPS","MQ-4C","CONTINGENCIES",,8/1/2025 0:00:00,"2.21.5","2-195",,"TACCO","SYSTEMS",1
930,"What is a Contingency 4B?",,0,0,0,0.11,1,0,"NATOPS","MQ-4C","CONTINGENCIES",,8/1/2025 0:00:00,"2.21.5","2-195",,"TACCO","SYSTEMS",1
931,"How many contingencies exist?",,0,0,0,0.99,1,0,"NATOPS","MQ-4C","CONTINGENCIES",,8/1/2025 0:00:00,"2.21.5","2-195",,"TACCO","SYSTEMS",1
932,"The stale data meter will turn yellow when elapsed time is between ___ and ___ seconds.",,0,0,0,0.35,1,0,"NATOPS","MQ-4C","CONTINGENCIES",,8/1/2025 0:00:00,"2.21.5.1","2-196",,"TACCO","SYSTEMS",1
933,"During a lost link condition, the master caution window, event history, and fault history will update.",,0,0,0,0.29,1,0,"NATOPS","MQ-4C","CONTINGENCIES",,8/1/2025 0:00:00,"2.21.5.1","2-196",,"TACCO","SYSTEMS",0
934," What is the software default setting of the CONT-1 timer during taxi/takeoff?",,0,0,0,0.73,1,0,"NATOPS","MQ-4C","CONTINGENCIES",,8/1/2025 0:00:00,"2.21.5.1","2-196",,"TACCO","SYSTEMS",0
935,"Deselecting the _________ checkbox in the MDM CAD gives the operator the option to disconnect the AMP from the MCS XMPP server.",,0,0,0,0.15,1,0,"NATOPS","MQ-4C","BAR/AMP",,8/1/2025 0:00:00,"7.2.6","7-50",,"TACCO","DATA COMMUNICATIONS",0
936,"What track types may be displayed on Minotaur? (select all that apply).",,0,0,0,0.62,1,0,"NATOPS","MQ-4C","MINOTAUR",,8/1/2025 0:00:00,"24.2.2","24-68",,"TACCO","MINOTAUR",0
937,"The Electrical Optical Infrared (EOIR) Turret Unit (TU) contains what 4 Sensors?",,0,0,0,0.73,1,0,"NATOPS","MQ-4C","EO/IR",,8/1/2025 0:00:00,"23.4.1.1","23-15",,"TACCO","SYSTEMS",0
938,"___ indicates electro-optical (EO)/infrared (IR) imagery is available for the track.",,1,0,0,0.66,1,0,"NATOPS","MQ-4C","MINOTAUR",,8/1/2025 0:00:00,"Fig 24-63","24-70",,"TACCO","PAYLOAD MANAGEMENT",0
939,"After selection of Phone Home, it can take up to _________ for a connection to AMP to be established. AMP Status should report LIVE and PLC2 Channel should turn green.",,1,0,0,0.88,1,0,"NATOPS","MQ-4C","PHONE HOME",,8/1/2025 0:00:00,"26.1.4","26-7",,"TACCO","NOTE, CAUTION, WARNING",0
940,"During an AMP Only power cycle a BAR re-pin is required.",,0,0,0,0.95,1,0,"NATOPS","MQ-4C","BAR",,8/1/2025 0:00:00,"26.1.3","26-4",,"TACCO","PAYLOAD MANAGEMENT",0
941,"If the AMP is powered off while the BAR is powered on and pinned for longer than the IMMC/BAR heartbeat timer, the BAR crypto will be zeroized. What is the timer range that can be configred by the GMVO?",,1,0,0,0.23,1,0,"NATOPS","MQ-4C","BAR/AMP",,8/1/2025 0:00:00,"26.1.1","26-1",,"TACCO","TROUBLESHOOTING",0
942,"Which subsystem provides SATCOM and Line of Sight (LOS) communications and payload data between the UA and the MCS.",,0,0,0,0.64,1,0,"NATOPS","MQ-4C","FAULT CODES",,8/1/2025 0:00:00,"19.2.1.1","19-3",,"TACCO","MCS",0
943,"Which of the following is the primary MOB interface for a Triton UAS operator?",,0,0,0,0.67,1,0,"NATOPS","MQ-4C","OWS",,8/1/2025 0:00:00,"FIG 1-10","1-8",,"TACCO","MCS",0
946,"Consideration should be given to securing _____ power prior to capturing the IAF. It is possible to lose WBSC when power is removed from the ______.",,0,0,0,0.85,1,0,"NATOPS","MQ-4C","MFAS",,8/1/2025 0:00:00,"7.1.20","7-24",,"TACCO","SYSTEMS",0
948,"If the MCS is being powered by the UPS, ___minutes of power is available 
which will allow enough time to shut the system down safely.",,0,0,0,0.04,1,0,"NATOPS","MQ-4C","POWER LOSS",,8/1/2025 0:00:00,"12.2.2","12-3",,"TACCO","EMERGENCIES",0
949,"CONT-3 can be confirmed by verifying IFF Mode 3 as ____.",,0,0,0,0.94,1,0,"NATOPS","MQ-4C","CONT-3",,8/1/2025 0:00:00,"2.21.5.5","2-199",,"TACCO","EMERGENCIES",0
950,"The____ supports planning, collection, storage, processing, and transmission of ISR data.",,0,0,0,0.51,1,0,"NATOPS","MQ-4C","AMP",,8/1/2025 0:00:00,"22.1","22-1",,"TACCO","SYSTEMS",0
951,"In the TSCP Color Scheme, what does Black indicate?",,0,0,0,0.62,1,0,"NATOPS","MQ-4C","TSCP",,8/1/2025 0:00:00,"FIG 19-39","19-52",,"TACCO","COMMUNICATIONS",0
953,"In the TSCP Color Scheme, what does Red indicate?",,0,0,0,0.98,1,0,"NATOPS","MQ-4C","TSCP",,8/1/2025 0:00:00,"FIG 19-39","19-51",,"TACCO","COMMUNICATIONS",0
954,"In the TSCP Color Scheme, what does Yellow indicate?",,0,0,0,0.37,1,0,"NATOPS","MQ-4C","TSCP",,8/1/2025 0:00:00,"FIG 19-39","19-51",,"TACCO","COMMUNICATIONS",0
955,"In the TSCP Color Scheme, what does Gray indicate? (Select all that apply).",,0,0,0,0.74,1,0,"NATOPS","MQ-4C","TSCP",,8/1/2025 0:00:00,"FIG 19-39","19-51",,"TACCO","COMMUNICATIONS",0
958,"Which of the following commands will cancel a Contingency 2 route?",,0,0,0,0.63,1,0,"NATOPS","MQ-4C","CONT-2",,8/1/2025 0:00:00,"2.21.5.2","2-197",,"TACCO","EMERGENCIES",0
960,"	An _____ signifies that an event has occurred and the user must follow-up with action.",,0,0,0,0.43,1,0,"NATOPS","MQ-4C","FAULT CODES",,8/1/2025 0:00:00,"FIG 19-70","19-86",,"TACCO","SYSTEMS",0
961,"Consideration should be given to securing MFAS power prior to capturing the IAF. It is possible to lose ____ when power is removed from the MFAS.",,1,0,0,0.04,1,0,"NATOPS","MQ-4C","MFAS",,8/1/2025 0:00:00,"7.2.22","7-67",,"TACCO","NOTE, CAUTION, WARNING",0
962,"What type of coolant is used to cool the SATCOM HPA / high voltage power supply?",,0,0,0,0.21,1,0,"NATOPS","MQ-4C","ECS",,8/1/2025 0:00:00,"2.8.6","2-44",,"TACCO","SYSTEMS",0
963,"An audible tone is triggered and a large red X and the words TELEMETRY 
LOST are displayed on the ADI when stale data meter exceeds how long?",,0,0,0,0.22,1,0,"NATOPS","MQ-4C","CONT-1",,8/1/2025 0:00:00,"2.21.5.1","2-196",,"TACCO","CONTINGENCIES",0
965,"The Liquid Cooling System (LCS) provides liquid cooling to the Antenna Group Assembly (AGA) and Wideband Receiver Exciter (WBRE) using ______________.",,0,0,0,0.19,1,0,"NATOPS","MQ-4C","ECS",,8/1/2025 0:00:00,"23.3","23-6",,"TACCO","SYSTEMS",0
969,"Which of the following does the Mission Manager require to orchestrate the automated surveillance mission? (Select all that apply)",,0,0,0,0.28,1,0,"NATOPS","MQ-4C","MISSION PLAN",,8/1/2025 0:00:00,"22.1.1.1.15","22-5",,"TACCO","SOFTWARE",0
970,"Which of the following UA malfuctions cause a transition to CONT-3? (Select all the apply).",,1,0,0,1.181841e-03,1,0,"NATOPS","MQ-4C","CONT-3",,8/1/2025 0:00:00,"2.21.5.5","2-199",,"TACCO","EMERGENCIES",0
971,"If TU AMB Temperature is warmer than -38C and cooler than or equal to -35C, an in-flight restart shall be completed within 6 minutes to prevent _________?",,0,0,0,0.86,1,0,"NATOPS","MQ-4C","LIMITATIONS",,8/1/2025 0:00:00,"23.4.6.1","23-25",,"TACCO","SYSTEMS",0
972,"An EO/IR power cycle with the turret unit ambient temperature (TU AMB) of ____ or cooler will damage the turret.",,1,0,0,5.22697e-03,1,0,"NATOPS","MQ-4C","ESM",,8/1/2025 0:00:00,"23.4.6.1","23-25",,"TACCO","SYSTEMS",0
973,"During continuous operation, damage to the MFAS AGA may occur in operations cooler than -70°C.",,1,0,0,0.58,1,0,"NATOPS","MQ-4C","MFAS",,8/1/2025 0:00:00,"Fig 23-5","23-7",,"TACCO","NOTE, CAUTION, WARNING",0
974,"MFAS is prevented from being powered on by the IMMC when climbing above _______ feet.",,0,0,0,0.83,1,0,"NATOPS","MQ-4C","MFAS",,8/1/2025 0:00:00,"FIG 23-6","23-8",,"TACCO","LIMITATIONS",0
975,"The maximum allowed TT18 temperature for MFAS operation is:",,1,0,0,0.82,1,0,"NATOPS","MQ-4C","MFAS",,8/1/2025 0:00:00,"23.3.1.3.3","23-9",,"TACCO","LIMITATIONS",0
976,"During normal operating conditions, the EO/IR will be in the stowed and snubbed configuration before removing power from the system. If the EO/IR sensor is not safe for takeoff and landing, the Snubber Status will indicate DISENGAGED at both the Snubber indicator within the Turret C2 Tab and on the Snubber Activity Display page within the Minotaur Video Viewer.",,1,0,0,0.13,1,0,"NATOPS","MQ-4C","EO/IR",,8/1/2025 0:00:00,"23.4.6","23-25",,"TACCO","Note, Caution, Warning",0
977,"Takeoff or landing with the TU not snubbed (manual or active) may cause damage to the inner gimbal.",,1,0,0,0.20,1,0,"NATOPS","MQ-4C","EO/IR",,8/1/2025 0:00:00,"23.4.6","23-24",,"TACCO","NOTE, CAUTION, WARNING",0
978,"If the manual snubbers are not disengaged _____   _____, the TU will produce a GIM DIS 000 and will not accept a command to be move during flight.",,1,0,0,0.25,1,0,"NATOPS","MQ-4C","EO/IR",,8/1/2025 0:00:00,"23.4.6","23-24",,"TACCO","NOTE, CAUTION, WARNING",0
980,"If MFAS is ON and the barometric altitude is 55,000 ft to 58,999 ft the ________ will inhibit MFAS transmission.",,0,0,0,0.15,1,0,"NATOPS","MQ-4C","MFAS",,8/1/2025 0:00:00,"Fig 23-6","23-8",,"TACCO","LIMITATIONS",0
981,"Failure to perform an MFAS Power Off command after an unsuccessful MFAS Power On command may result in failure of additional Power On attempts.",,0,0,0,0.64,1,0,"NATOPS","MQ-4C","MFAS",,8/1/2025 0:00:00,"7.2.18","7-63",,"TACCO","NOTE, CAUTION, WARNING",0
983,"Performing a NUC with only sky in the FOV may damage the IR sensor due to video burn in?",,0,0,0,0.93,1,0,"NATOPS","MQ-4C","EO/IR",,8/1/2025 0:00:00,"7.2.12.5","7-57",,"TACCO","NOTE, CAUTION, WARNING",0
984,"	Descent or landing with the EO/IR system in the OFF state and snubbers engaged may result in EO/IR _____ _____ and damage to the EO/IR TU on subsequent power cycles.",,1,0,0,0.78,1,0,"NATOPS","MQ-4C","EO/IR",,8/1/2025 0:00:00,"7.2.23","7-68",,"TACCO","LIMITATIONS",0
985,"	If video fails to _______ at one FOV, sensor operators may manually switch to the next wider FOV to attempt to capture more geographic features.",,1,0,0,0.48,1,0,"NATOPS","MQ-4C","EO/IR",,8/1/2025 0:00:00,"24.2.30","24-245",,"TACCO","NOTE, CAUTION, WARNING",0
986,"Which system, when used as the only link, should the user limit to only Phone Home and Sensor Power On/Off?",,1,0,0,0.13,1,0,"NATOPS","MQ-4C","AMP",,8/1/2025 0:00:00,"19.11.9.4.1","19-229",,"TACCO","NOTE, CAUTION, WARNING",0
987,"During preflight, If EO/IR EU temperature exceeds 70 °C, consideration should be given to powering EO/IR off until___________.",,1,0,0,0.18,1,0,"NATOPS","MQ-4C","EO/IR",,8/1/2025 0:00:00,"7.2.12","7-55",,"TACCO","SYSTEMS",0
988,"What caution is displayed to the AVP when the IMMC inhibits the MFAS from transmitting when the UA is between 55,000 ft and 58,999 ft",,1,0,0,0.57,1,0,"NATOPS","MQ-4C","MFAS",,8/1/2025 0:00:00,"Fig 23-6","23-8",,"TACCO","FAULT CODES",1
991,"There is no time limit for an MFAS off state when TAT is warmer than ___ °C as long as PAO flow is functioning normally",,1,0,0,0.12,1,0,"NATOPS","MQ-4C","MFAS",,8/1/2025 0:00:00,"FIG 23-5","23-7",,"TACCO","NOTE, CAUTION, WARNING",0
992,"What is the Maximum TT18 Limit to command MFAS power on?",,1,0,0,0.21,1,0,"NATOPS","MQ-4C","MFAS",,8/1/2025 0:00:00,"23.3.1.3.3","23-9",,"TACCO","LIMITATIONS",0
993,"The ground station manager sends payload and AMP status to the ground station.",,0,0,0,0.48,1,0,"NATOPS","MQ-4C","AMP",,8/1/2025 0:00:00,"22.1.1.1.8","22-4",,"TACCO","SYSTEMS",0
994,"In the event that the AMP does not come back on line, control of the payloads will not be reestablished.",,0,0,0,0.67,1,0,"NATOPS","MQ-4C","AMP",,8/1/2025 0:00:00,"26.1.1","26-1",,"TACCO","PROCEDURES",0
996,"A BAR 6 Fault may not clear after a BAR I-BIT due to an AMP fault latching issue.",,1,0,0,0.08,1,0,"NATOPS","MQ-4C","BAR",,8/1/2025 0:00:00,"25-7","25-113",,"TACCO","SYSTEMS",0
997,"	Allowing the AMP to initiate the Stow command at the IAF with an executing task running may result in the EO/IR failing to stow.",,1,0,0,0.34,1,0,"NATOPS","MQ-4C","EO/IR",,8/1/2025 0:00:00,"7.2.22","7-67",,"TACCO","PROCEDURES",0
998,"Which fault code appears if there is an issue with EO/IR active snubbers? (select all that apply)",,1,0,0,0.09,1,0,"NATOPS","MQ-4C","EO/IR",,8/1/2025 0:00:00,"23.4.6","23-25",,"TACCO","NOTE, CAUTION, WARNING",0
1000,"If status is not green on the subsystem status BAR button, a BAR Re-pin must be performed.",,0,0,0,0.83,1,0,"NATOPS","MQ-4C","AMP",,8/1/2025 0:00:00,"26.1.4","26-7",,"TACCO","NOTE, CAUTION, WARNING",0
1001,"	When commanding ISAR, MFAS becomes dedicated to that task and other tasking is not interleaved.",,1,0,0,0.35,1,0,"NATOPS","MQ-4C","EO/IR",,8/1/2025 0:00:00,"23.3.3.5","23-11",,"TACCO","NOTE, CAUTION, WARNING",0
1004,"It takes approximately __ minutes for AMP software to load. A Phone Home cannot be established until software load is complete.",,1,0,0,0.78,1,0,"NATOPS","MQ-4C","AMP",,8/1/2025 0:00:00,"26.1.1","26-2",,"TACCO","NOTE, CAUTION, WARNING",0
1005,"Enabling or disabling an Action Point that is already in the commanded state will result in 'Command Unrecognized' being displayed in the Event History. The Action Point will remain in the commanded state.",,0,0,0,0.76,1,0,"NATOPS","MQ-4C","MISSION PLAN",,8/1/2025 0:00:00,"2.14.4","2-91",,"TACCO","NOTE, CAUTION, WARNING",0
1006,"	If the AMP is powered off while the BAR is powered on, for longer than the IMMC/BAR heartbeat timer (_-__) minutes, set by the GMVO), the BAR crypto will be zeroized, the AMP OFP will not load, and a Phone Home will not be possible.",,0,0,0,0.30,1,0,"NATOPS","MQ-4C","OPERATING PROCEDURES",,8/1/2025 0:00:00,"26.1.1","26-1",,"TACCO","NOTE, CAUTION, WARNING",1
1009,"Track symbol types are selectable via the Map Area Context Menu and include: (Select all that apply).",,1,0,0,0.77,1,0,"NATOPS","MQ-4C","Minotaur",,8/1/2025 0:00:00,"24.2.2.1","24-68",,"TACCO","Minotaur",0
1010,"Which J-Series message refers to Threat Warnings?",,1,0,0,0.11,1,0,"NATOPS","MQ-4C","LINK-16",,8/1/2025 0:00:00,"24.2.23.4","24-208",,"TACCO","SYSTEMS",0
1012,"What type of link should be established prior to starting the QoS Console. (Select all that apply)",,0,0,0,0.84,1,0,"NATOPS","MQ-4C","OPERATING PROCEDURES",,8/1/2025 0:00:00,"1.4.11","1-15",,"TACCO","NOTE, CAUTION, WARNING",0
1016,"What happens to AMP if Fault Code AMP 249 is received?",,1,0,0,0.92,1,0,"NATOPS","MQ-4C","FAULT CODES",,8/1/2025 0:00:00,"Fig 25-4","25-34",,"TACCO","SYSTEMS",1
1017,"What must be monitored during an AMP 284 Fault Code?",,1,0,0,0.42,1,0,"NATOPS","MQ-4C","OPERATING PROCEDURES",,8/1/2025 0:00:00,"Fig. 25-4","25-51",,"TACCO","PROCEDURES",1
1019,"INMARSAT fails when electrical power is less than______leaving insufficient
power to terminate the UA which may lead to loss of UA at an unplanned location.",,0,0,0,0.92,1,0,"NATOPS","MQ-4C","INMARSAT",,8/1/2025 0:00:00,"14.1.7","14-15",,"TACCO","NOTE, CAUTION, WARNING",0
1020,"The batteries are expected to support the UA for at least 42 minutes, during which time the UA can return safely for landing.",,0,0,0,0.14,1,0,"NATOPS","MQ-4C","DC Power",,8/1/2025 0:00:00,"2.9.2","2-51",,"TACCO","SYSTEMS",0
1021,"The IMMC completes electrical load configuration for an engine out CONT-3, providing about 42 minutes of controlled flight for the emergency glide.",,0,0,0,0.02,1,0,"NATOPS","MQ-4C","CONT-3",,8/1/2025 0:00:00,"11.4.8","11-26",,"TACCO","CONTINGENCIES",0
1023,"What type of equipment failure could result in UA loss of control.",,0,0,0,0.37,1,0,"NATOPS","MQ-4C","LOSS OF CONTROL",,8/1/2025 0:00:00,"11.4.5","11-25",,"TACCO","EMERGENCIES",0
1024,"If the UA is in flight when battery power fails, UA control will be maintained until touchdown.",,0,0,0,0.32,1,0,"NATOPS","MQ-4C","CONT-3",,8/1/2025 0:00:00,"11.4.8","11-26",,"TACCO","EMERGENCIES",0
1025,"How are the flight controls adjusted to cause the UA departure during an FTS command? (Select all that apply)",,1,0,0,0.75,1,0,"NATOPS","MQ-4C","FTS",,8/1/2025 0:00:00,"11.4.9","11-27",,"TACCO","EMERGENCIES",0
1026,"Apart from a PFD master warning indication, how might an engine fire be detected in the UA?",,1,0,0,0.17,1,0,"NATOPS","MQ-4C","ENGINE FIRE",,8/1/2025 0:00:00,"14.2.2","14-20",,"TACCO","EMERGENCIES",1
1028,"Flight Termination is available with bus voltage less than 23Vdc.",,0,0,0,0.65,1,0,"NATOPS","MQ-4C","FTS",,8/1/2025 0:00:00,"14.5","14-27",,"TACCO","EMERGENCIES",0
1029,"Which fault codes could appear during flight in turbulent conditions? (Select all that apply)",,1,0,0,0.49,1,0,"NATOPS","MQ-4C","FAULT CODES",,8/1/2025 0:00:00,"18.2.1","18-5",,"TACCO","SYSTEMS",0
1030,"Payload data is carried on which links? (Select all that apply)",,0,0,0,0.42,1,0,"NATOPS","MQ-4C","LINKS",,8/1/2025 0:00:00,"FIG 19-2","19-3",,"TACCO","SYSTEMS",0
1031,"The communication system consisits of the following BLOS voice and data links? (Select all that apply)",,0,0,0,0.64,1,0,"NATOPS","MQ-4C","LINKS",,8/1/2025 0:00:00,"19.1","19-2",,"TACCO","SYSTEMS",0
1032,"The MOB has UAV command and control capablility via WBSC link.",,1,0,0,0.97,1,0,"NATOPS","MQ-4C","LINKS",,8/1/2025 0:00:00,"Fig 19-2","19-3",,"TACCO","SYSTEMS",0
1036,"A frequency separation of _ MHz or less between VHF/UHF radios will result in degraded performance due to desensitization and intermittent squelch breaks.",,0,0,0,0.26,1,0,"NATOPS","MQ-4C","ARC-210",,8/1/2025 0:00:00,"19.2.2.1","19-7",,"TACCO","COMMUNICATIONS",0
1037,"_____ is a method for taking analog audio signals (voice) and turning them into digital data that can be transmitted over internet protocol (IP) networks.",,0,0,0,0.67,1,0,"NATOPS","MQ-4C","VoIP",,8/1/2025 0:00:00,"19.2.2.2","19-10",,"TACCO","COMMUNICATIONS",0
1038,"Where are UA IFF transponder codes and status displayed?",,0,0,0,0.43,1,0,"NATOPS","MQ-4C","IFF",,8/1/2025 0:00:00,"Fig 19-241","19-276",,"TACCO","COMMUNICATIONS",1
1039,"What color indicates an active link with the UA.",,0,0,0,0.61,1,0,"NATOPS","MQ-4C","LINKS",,8/1/2025 0:00:00,"FIG 19-160","19-184",,"TACCO","COMMUNICATIONS",0
1040,"Only one active link exists from a UA to a MCS site but more than one active link may exist if other sites are shadowing.",,1,0,0,0.13,1,0,"NATOPS","MQ-4C","LINKS",,8/1/2025 0:00:00,"FIG 19-160","19-184",,"TACCO","COMMUNICATIONS",0
1041,"In the event that all four navigation sources have the same navigation quality, the first two navigation solutions for the UAS selection hierarchy will be: (Select all that apply)",,0,0,0,0.03,1,0,"NATOPS","MQ-4C","NAVIGATION",,8/1/2025 0:00:00,"19.13.4.3","19-265",,"TACCO","SYSTEMS",0
1042,"Which navigation source(s) have GPS anti-jam protection through an anti-jam unit? (Select all that apply).",,0,0,0,0.60,1,0,"NATOPS","MQ-4C","NAVIGATION",,8/1/2025 0:00:00,"19.13.2.1","19-261",,"TACCO","SYSTEMS",0
1043,"When GPS jamming is detected in either omni or adapt mode, a yellow annunciator stating JAMMER DETECT is displayed on the PFD and an ___________________ will also appear on the Master Caution display.",,1,0,0,0.63,1,0,"NATOPS","MQ-4C","NAVIGATION",,8/1/2025 0:00:00,"19.13.2.1","19-261",,"TACCO","SYSTEMS",1
1044,"What navigation source supplies the navigational data to the EO/IR and resides on top of the EO/IR turret.",,0,0,0,0.26,1,0,"NATOPS","MQ-4C","NAVIGATION",,8/1/2025 0:00:00,"23.4.3","23-19",,"TACCO","SYSTEMS",0
1045,"If the UA is inflight and battery power fails, UA control will be lost.",,0,0,0,0.64,1,0,"NATOPS","MQ-4C","CONT-3",,8/1/2025 0:00:00,"11.4.8","11-26",,"TACCO","NOTE, CAUTION, WARNING",0
1047,"The operator should not attempt to command and control the payload(s), other than Phone Home and Sensor Power On/Off while on INMARSAT as the only link.",,0,0,0,0.75,1,0,"NATOPS","MQ-4C","PHONE HOME",,8/1/2025 0:00:00,"19.11.9.4.1","19-229",,"TACCO","NOTE, CAUTION, WARNING",0
1049,"Setting the CONT-1 timer to zero inhibits the timer and prevents the UA from starting a CONT-1.",,0,0,0,0.91,1,0,"NATOPS","MQ-4C","CONTINGENCIES",,8/1/2025 0:00:00,"2.21.5.1","2-196",,"TACCO","NOTE, CAUTION, WARNING",0
1050,"UA UHF radios 3, 4, and 5 are unavailable until WBSC is established.",,1,0,0,0.70,1,0,"NATOPS","MQ-4C","ARC-210",,8/1/2025 0:00:00,"7.1.10","7-11",,"TACCO","NOTE, CAUTION, WARNING",0
1051,"Multiple operator QoS Consoles are supported.",,0,0,0,0.31,1,0,"NATOPS","MQ-4C","QOS",,8/1/2025 0:00:00,"1.4.11","1-15",,"TACCO","NOTE, CAUTION, WARNING",0
1053,"When executing the BAR/AMP POWER CYCLE Checklist, the TC shall run an AMP IBIT.",,1,0,0,0.48,1,0,"NATOPS","MQ-4C","BAR/AMP POWER CYCLE",,8/1/2025 0:00:00,"26.1.2","26-3",,"TACCO","AMP",0
1054,"__________ the EO/IR with an internal turret temperature cooler than -38C will damage the turret.",,1,0,0,0.50,1,0,"NATOPS","MQ-4C","EO/IR",,8/1/2025 0:00:00,"FIG 23-17","23-22",,"TACCO","EO/IR",0
1055,"A navigation quality of zero indicates that _________________.",,0,0,0,0.46,1,0,"NATOPS","MQ-4C","FAULTS",,8/1/2025 0:00:00,"19.13.4.3","19-265",,"TACCO","SYSTEMS",0
1057,"The two primary communications subsystems in the MQ-4C are the_____________",,1,0,0,0.56,1,0,"NATOPS",,"WCCS",,8/1/2025 0:00:00,"19.2","19-2",,"TACCO","COMMUNICATIONS",0
1061,"To prevent BAR zeroization, restore power to the AMP or secure power to the BAR prior to expiration of the IMMC/BAR heartbeat timer.",,0,0,0,0.01,1,0,"NATOPS","MQ-4C","AMP",,8/1/2025 0:00:00,"26.1.1","26-1",,"TACCO","AMP",0
1062,"When executing BAR/AMP power cycle, Phone Home is required to be Hung Up/Disconnected.",,0,0,0,0.14,1,0,"NATOPS","MQ-4C","BAR/AMP Power Cycle",,8/1/2025 0:00:00,"26.1.2","26-3",,"TACCO","AMP/BAR Power Cycle",0
1063,"The MCS Track Troubleshooting Checklist requires a SA restart GSLOW in the event of a loss of all tracks on the Minotaur.",,1,0,0,0.27,1,0,"NATOPS","MQ-4C","MCS",,8/1/2025 0:00:00,"26.2.1","26-10",,"TACCO","TROUBLESHOOTING",0
1064,"The Integrated Mission Management Computers (IMMC) are the central flight control computers. They control autonomous functions such as _______________ (Select all that apply)",,0,0,0,0.86,1,0,"NATOPS","MQ-4C","IMMC",,8/1/2025 0:00:00,"2.13","2-76",,"TACCO","IMMC",0
1065,"The LCS System features polyalphaolefin coolant chilled by cold fuel in Heat Exchanger 12 (HX12) and provides cooling to which temperature sensative aircraft fixtures? (Select all that apply).",,1,0,0,0.11,1,0,"NATOPS","MQ-4C","LCS",,8/1/2025 0:00:00,"2.8.6","2-44",,"TACCO","LCS",0
1066,"The Environmental Control System (ECS) transfers fuel cooled by cold air at the aircraft wingtips through heat exchangers that cool many aircraft system. The following systems are supplied cooling via this process (List any three)",,1,0,0,0.64,1,0,"NATOPS","MQ-4C","ECS",,8/1/2025 0:00:00,"2.8","2-38",,"TACCO","ECS",1
1068,"Reliance on automation is a special hazard of UAS operations. MQ-4C TACCOs are particularly subject to reduced situational awareness due to automation compared to their manned aircraft counterparts. Usually a crewmember needs only to _____________ a bad decision to stop the chain of events that could lead to an accident or dire situation.",,0,0,0,0.95,1,0,"NATOPS","MQ-4C","CRM",,8/1/2025 0:00:00,"27.4","27-2",,"TACCO","CRM",0
1069,"When fault is displayed as Not BIT or Unknown BIT, the fault is not a result of a BIT. The fault is from another source.",,0,0,0,0.02,1,0,"NATOPS","MQ-4C","FAULT CODES",,8/1/2025 0:00:00,"22.1.1.1.9","22-4",,"TACCO","NOTE, CAUTION, WARNING",0
1070,"It is possible to enter a CONT-1 condition with a valid C2 link available.",,0,0,0,0.07,1,0,"NATOPS","MQ-4C","CONT-1",,8/1/2025 0:00:00,"2.21.5.1","2-196",,"TACCO","CONTINGENCIES",0
1071,"The AVP has control over the lost link squawk from the MCS.",,0,0,0,0.91,1,0,"NATOPS","MQ-4C","CONT-1",,8/1/2025 0:00:00,"2.21.5.1","2-196",,"TACCO","CONTINGENCIES",0
1072,"For takeoff, ensure at least two navigators are at nominal quality. Nominal conditions include: (Select all that apply)",,1,0,0,0.40,1,0,"NATOPS","MQ-4C","NAVIGATION",,8/1/2025 0:00:00,"4.7","4-11",,"TACCO","LIMITATIONS",0
1073,"Powering off or power cycling the KBAR and TS GNR/HAIPE at the same time is prohibited during flight. TS/SCI is non-operational for the duration of flight if KBAR and TS GNR/HAIPE are powered off or power cycled together.",,0,0,0,0.69,1,0,"NATOPS","MQ-4C","KBAR",,8/1/2025 0:00:00,"4.13.4","4-17",,"TACCO","LIMITATIONS",0
1074,"When the UA is operating on an INMARSAT link only, there is no secret voice capability even if there is a red SEC displayed on the TSCP UA button.",,0,0,0,0.54,1,0,"NATOPS","MQ-4C","LIMITATIONS",,8/1/2025 0:00:00,"7.1.10","7-11",,"TACCO","COMMUNICATIONS",0
1076,"Link-16 LOS and JREAP-C can not be run simultaneously from the same Comms Manager Touch Panel (CMTP).",,0,0,0,0.24,1,0,"NATOPS","MQ-4C","LINK-16",,8/1/2025 0:00:00,"7.2.9","7-51",,"TACCO","NOTE, CAUTION, WARNING",0
1077,"The _______ should assist in verification of all needed IP addresses.",,0,0,0,0.89,1,0,"NATOPS","MQ-4C","LINK-16",,8/1/2025 0:00:00,"7.2.9.2","7-54",,"TACCO","NOTE, CAUTION, WARNING",0
1078,"A green status indicator next to the JREAP-C (Eth) line indicates a successful connection to the remote JREAP-C server. It may take up to 30 seconds for a connection to the remote server to establish and for the status indicator to display green. A grey status indicator above ____________ is normal.",,1,0,0,0.94,1,0,"NATOPS","MQ-4C","LINK-16",,8/1/2025 0:00:00,"7.2.9.2","7-55",,"TACCO","NOTE, CAUTION, WARNING",1
1079,"During preflight, if EO/IR EU temperature exceeds ___, secure the EO/IR system.",,1,0,0,0.33,1,0,"NATOPS","MQ-4C","EO/IR",,8/1/2025 0:00:00,"7.2.12","7-55",,"TACCO","LIMITATIONS",0
1081,"Allowing the AMP to initiate the Stow command at the IAF with an executing task running may result in:",,1,0,0,0.88,1,0,"NATOPS","MQ-4C","OPERATING PROCEDURES",,8/1/2025 0:00:00,"7.2.22","7-67",,"TACCO","NOTE, CAUTION, WARNING",1
1082,"If MIDS JTRS is not zeroized prior to shutting down the UA when it was keyed with the Master Key Encryption Key (MKEK) for a mission/test, the MIDS JTRS terminal may be tampered with.",,0,0,0,0.97,1,0,"NATOPS","MQ-4C","LINK-16",,8/1/2025 0:00:00,"7.2.23","7-69",,"TACCO","NOTE, CAUTION, WARNING",0
1083,"Airborne operations within ___ nautical miles of thunderstorms are prohibited.",,1,0,0,0.23,1,0,"NATOPS","MQ-4C","OPERATING PROCEDURES",,8/1/2025 0:00:00,"18.2","18-4",,"TACCO","LIMITATIONS",1
1084,"Removal of the ground safe pin allows RF transmissions and may result in injury to ground personnel within associated HERP distance.",,0,0,0,0.17,1,0,"NATOPS","MQ-4C","OPERATING PROCEDURES",,8/1/2025 0:00:00,"7.1.12","7-13",,"TACCO","NOTE, CAUTION, WARNING",0
1085,"When fault is displayed as ________, the fault is not a result of a BIT. The fault is from another source. (Select all that apply)",,0,0,0,0.84,1,0,"NATOPS","MQ-4C","Health and Status Manager",,8/1/2025 0:00:00,"22.1.1.1.9","22-4",,"TACCO","NOTE, CAUTION, WARNING",0
1086,"SAR image quality may be degraded when MQ-4C ground speed is ____ 300 kts. Image processing time and quality is improved by ___ indicated ground speed.",,0,0,0,0.10,1,0,"NATOPS","MQ-4C","MFAS",,8/1/2025 0:00:00,"23.3.3.7","23-12",,"TACCO","NOTE, CAUTION, WARNING",0
1088,"During AVT, the EU controls the LOS to automatically follow a particular object, area, or feature group. The EU provides four basic tracking modes:",,1,0,0,0.58,1,0,"NATOPS","MQ-4C","EO/IR",,8/1/2025 0:00:00,"23.4.4.2","23-20",,"TACCO","SYSTEMS",1
1089,"Use of bleed air is intended to keep the EO/IR optics free of moisture by providing positive pressure, the bleed air is closed off above ______ feet",,1,0,0,0.59,1,0,"NATOPS","MQ-4C","EO/IR",,8/1/2025 0:00:00,"23.4.4.6","23-21",,"TACCO","NOTE, CAUTION, WARNING",0
1090,"On the MEPS VMS page, ___ indicates a high, severity 2 fault.",,0,0,0,0.44,1,0,"NATOPS","MQ-4C","MEPS-VMS",,8/1/2025 0:00:00,"FIG 24-198","24-235",,"TACCO","SOFTWARE",0
1091,"On the MEPS VMS page, ___ indicates a medium, severity 1 fault.",,0,0,0,0.60,1,0,"NATOPS","MQ-4C","MEPS-VMS",,8/1/2025 0:00:00,"FIG 24-198","24-235",,"TACCO","SOFTWARE",0
1092,"If faults are missing from the display, the reset filter button will display the
filtered items.",,0,0,0,0.84,1,0,"NATOPS","MQ-4C","MEPS-VMS",,8/1/2025 0:00:00,"24.2.25.6","24-234",,"TACCO","SOFTWARE",0
1095,"The high band system and the low band system have a chassis monitoring system that will remove power from the backplane when temperature, voltage or electrical phase are outside of predetermined limits.  HBC fault codes ___-____ and Low Band Fault Codes ___-___,___-___ will trigger this protective mechanism.",,1,0,0,0.39,1,0,"NATOPS","MQ-4C","HBC/LBC",,8/1/2025 0:00:00,"25.2","25-1",,"TACCO","FAULT CODES",1
1096,"___ power cycle of the HBC/LBC is allowed for high temperature fault codes and if the fault recurs the chassis should be powered down.",,0,0,0,0.76,1,0,"NATOPS","MQ-4C","HBC/LBC",,8/1/2025 0:00:00,"25.2","25-1",,"TACCO","FAULT CODES",0
1097,"The only method of verifying KBAR fault codes in flight is through observation of high band and low band systems functions?",,0,0,0,0.36,1,0,"NATOPS","MQ-4C","KBAR",,8/1/2025 0:00:00,"25.3","25-1",,"TACCO","SYSTEMS",0
1098,"KBAR status and function is observable on APP Loader",,0,0,0,0.83,1,0,"NATOPS","MQ-4C","KBAR",,8/1/2025 0:00:00,"25.3","25-1",,"TACCO","SYSTEMS",0
1099,"Verification of BAR recording requires the Tacco to navigate to the BAR PBIT page and make note of the BIT file size and stamp and verify one minute later that the file size and/or timestamp has updated?",,0,0,0,0.17,1,0,"NATOPS","MQ-4C","BAR",,8/1/2025 0:00:00,"FIG 25-6","25-108",,"TACCO","SYSTEMS",0
1101,"An AMP Power Off command with AMP already off will",,0,0,0,0.67,1,0,"NATOPS","MQ-4C","AMP",,8/1/2025 0:00:00,"26.1.1","26-1",,"TACCO","AMP ONLY POWER CYCLE",1
1102,"During an AMP power cycle, AMP faults will only annunciate once power is on. This is common approximately 5 minutes after power on.",,1,0,0,0.18,1,0,"NATOPS","MQ-4C","AMP",,8/1/2025 0:00:00,"26.1.1","26-2",,"TACCO","FAULT CODES",0
1103,"While the AMP is secured, SEM 02/03/04 fault indicators will not be displayed.",,0,0,0,0.39,1,0,"NATOPS","MQ-4C","BAR/AMP POWER CYCLE",,8/1/2025 0:00:00,"26.1.2","26-3",,"TACCO","FAULT CODES",0
1104,"The steps in the MCS track troubleshooting checklist are intended as a guide to resolve specific issues and is not all encompassing. It is advised that once issue is resolved, stop checklist and resume normal operations",,0,0,0,0.27,1,0,"NATOPS","MQ-4C","TROUBLESHOOTING",,8/1/2025 0:00:00,"26.2","26-9",,"TACCO","TROUBLESHOOTING",0
1105,"Upon securing the BAR, the IMMC/BAR hearbeat is disabled.",,0,0,0,0.63,1,0,"NATOPS","MQ-4C","BAR",,8/1/2025 0:00:00,"26.1.2","26-3",,"TACCO","NOTE, CAUTION, WARNING",0
1107,"When executing a BAR Re-pin, the re-pinning process after selecting the BAR Re-pin button takes approximately ___",,1,0,0,0.30,1,0,"NATOPS","MQ-4C","BAR",,8/1/2025 0:00:00,"26.1.3","26-6",,"TACCO","NOTE, CAUTION, WARNING",0
1108,"TT1 is ___",,0,0,0,0.74,1,0,"NATOPS","MQ-4C","ECS",,8/1/2025 0:00:00,"Fig 4-6","4-6",,"TACCO","ECS",0
1109,"TT18 is ___",,0,0,0,0.43,1,0,"NATOPS","MQ-4C","LCS",,8/1/2025 0:00:00,"2.8.1","2-40",,"TACCO","ECS",0
1110,"What are the principle responsibilities of the Air Vehicle Platform Services (AVPS) component of the AMP? (Select all that applies)",,1,0,0,0.63,1,0,"NATOPS","MQ-4C","AMP",,8/1/2025 0:00:00,"22.1.1.1","22-2",,"TACCO","AMP",0
1111,"Multi-Function Active Sensor (MFAS) consists of which of the following tactical modes? (Select all that apply)",,0,0,0,0.75,1,0,"NATOPS","MQ-4C","MFAS",,8/1/2025 0:00:00,"23.2","23-2",,"TACCO","SYSTEMS",0
1112,"During MFAS geographic area scan operations, reported tracks are limited to the bounds of the entered geographic area?",,0,0,0,0.67,1,0,"NATOPS","MQ-4C","MFAS",,8/1/2025 0:00:00,"23.3.3.3","23-11",,"TACCO","SYSTEMS",0
1113,"On Minotaur, a blue dot is a:",,0,0,0,0.90,1,0,"NATOPS","MQ-4C","MINOTAUR",,8/1/2025 0:00:00,"FIG 24-62","24-68",,"TACCO","MINOTAUR",0
1114,"On Minotaur, a yellow dot is a:",,0,0,0,0.04,1,0,"NATOPS","MQ-4C","MINOTAUR",,8/1/2025 0:00:00,"FIG 24-62","24-68",,"TACCO","MINOTAUR",0
1115,"Upon selecting the “Mark as COI” function, the following characteristics occur for that track: (Select all that apply)",,0,0,0,0.32,1,0,"NATOPS","MQ-4C","MINOTAUR",,8/1/2025 0:00:00,"24.2.10.13","24-105",,"TACCO","MINOTAUR",0
1116,"The Communications and System lights, referred to as gumballs, within the Integrated Information Box provides: (select all that apply)",,0,0,0,0.47,1,0,"NATOPS","MQ-4C","MINOTAUR",,8/1/2025 0:00:00,"FIG 24-112","24-129",,"TACCO","MINOTAUR",0
1117,"When the TASR mode is active, the map border becomes:",,0,0,0,0.50,1,0,"NATOPS","MQ-4C","MINOTAUR",,8/1/2025 0:00:00,"Fig 24-203","24-241",,"TACCO","MINOTAUR",0
1118,"UA faults are defined as latching or non-latching. Which is/are true statements:",,1,0,0,0.68,1,0,"NATOPS","MQ-4C","FAULTS",,8/1/2025 0:00:00,"2.16.1","2-169",,"TACCO","SYSTEMS",0
1119,"UA system status is annunciated on the following displays: (Select all that apply)",,1,0,0,0.13,1,0,"NATOPS","MQ-4C","FAULTS",,8/1/2025 0:00:00,"2.16.1","2-169",,"TACCO","SYSTEMS",0
1120,"What is the automatic process wherein non-flight critical equipment is shut down to conserve UA power and extend battery life.",,0,0,0,0.03,1,0,"NATOPS","MQ-4C","POWER LOSS",,8/1/2025 0:00:00,"2.9.3","2-53",,"TACCO","SYSTEMS",1
1121,"When executing an FTS during an engine-out scenario available power may not guarantee zeroization",,0,0,0,0.60,1,0,"NATOPS","MQ-4C","FAULTS",,8/1/2025 0:00:00,"2.14.7.3.8","2-121",,"TACCO","SYSTEMS",0
1122,"According to CNAF 3710.7, if a lost link condition occurs, what is the minimum information that should be reported to the airspace control authority? (Select all that apply):",,1,0,0,0.64,1,0,"CNAF 3710.7","MQ-4C","CONT-1",,5/8/2024 0:00:00,"14.5.2.1","14-14",,"TACCO","PROCEDURES",0
1123,"According to the CNAF 3710-7, the MQ-4C is categorized as which kind of UAS?",,1,0,0,0.26,1,0,"CNAF 3710.7","MQ-4C","Requirments",,2/5/2025 0:00:00,"Fig 14-1","14-3",,"TACCO","CNAF",0
1124,"According to CNAF 3710.7, the UAS Mission Commander (UMC) may exercise command over multiple UAS?",,0,0,0,0.45,1,0,"CNAF 3710.7","MQ-4C","REQUIRMENTS",,2/5/2025 0:00:00,"14.3.5.3","14-6",,"TACCO","CNAF",0
1125,"The BAR is used to store which of the the following: (Select all that apply)",,0,0,0,0.82,1,0,"NATOPS","MQ-4C","BAR",,8/1/2025 0:00:00,"22.2","22-12",,"TACCO","SYSTEMS",0
1126,"The _____ is designed for pre/post-flight operations for all TS/SCI sensors while connected to the UA to enable flight operations",,0,0,0,0.97,1,0,"NATOPS","MQ-4C",,,8/1/2025 0:00:00,"23.5","23-25",,"TACCO","SYSTEMS",1
1127,"The Payload Test Controller (PTC) is capable of:",,0,0,0,0.77,1,0,"NATOPS","MQ-4C","Payload Test Controller",,8/1/2025 0:00:00,"22.1.1.3","22-8",,"TACCO","SYSTEMS",0
1128,"The IMMC requires mission data to be loaded from which of the following methods: (Select all that apply)",,0,0,0,0.38,1,0,"NATOPS","MQ-4C","MISSION PLAN",,8/1/2025 0:00:00,"2.21","2-190",,"TACCO","SYSTEMS",0
1129,"If the UAS reports a navigation quality for the KN-4074-A and B as 17 and for the LN-251-Aand B as 18, which navigation source will be the primary based on the selection hierarchy of the UAS?",,0,0,0,0.29,1,0,"NATOPS","MQ-4C","NAVIGATION",,8/1/2025 0:00:00,"19.13.4.3","19-265",,"TACCO","SYSTEMS",0
1130,"If there is off-board radar support from a surface or airborne facility and the MQ-4C AVP is in voice communication with the radar operator of the off-board facility, DRAMOC operations do not apply.",,0,0,0,0.30,1,0,"NATOPS","MQ-4C","DRAMOC",,8/1/2025 0:00:00,"9.1","9-1",,"TACCO","PROCEDURES",0
1131,"The minimum altitude for MQ-4C DRAMOC operations is:",,0,0,0,0.26,1,0,"NATOPS","MQ-4C","DRAMOC",,8/1/2025 0:00:00,"9.1.1","9-1",,"TACCO","PROCEDURES",0
1132,"While in DRAMOC, operate at ____ below FL 530 to the maximum extent possible, avoiding sustained operations at standard civil aircraft cruise altitudes.",,1,0,0,0.36,1,0,"NATOPS","MQ-4C","DRAMOC",,8/1/2025 0:00:00,"9.1.1","9-1",,"TACCO","PROCEDURES",1
1133,"When the turret unit is powered ON and produces a Gimbal Disable Fault (GIM DIS), the turret unit has:",,1,0,0,0.07,1,0,"NATOPS","MQ-4C","EO/IR",,8/1/2025 0:00:00,"4.13.1","4-16",,"TACCO","NOTE, CAUTION, WARNING",0
1134,"If the BAR failure to journal is persistent, the following faults and conditions may present: (Select all that apply)",,1,0,0,0.02,1,0,"NATOPS","MQ-4C","BAR",,8/1/2025 0:00:00,"26.4","26-16",,"TACCO","SYSTEMS",0
1135,"What causes a BAR failure to journal?",,0,0,0,0.15,1,0,"NATOPS","MQ-4C","BAR",,8/1/2025 0:00:00,"26.4","26-16",,"TACCO","SYSTEMS",0
1136,"What causes the initiation of the CONT-1 timer?",,0,0,0,0.47,1,0,"NATOPS","MQ-4C","CONT-1",,8/1/2025 0:00:00,"2.21.5.1","2-196",,"TACCO","CONTINGENCIES",0
1137,"After ____________________, the IMMC enters the CONT-1 state, squawks the CONT-1 transponder code, and autonomously initiates navigation on the Mission Planned CONT-1 route.",,1,0,0,0.99,1,0,"NATOPS","MQ-4C","CONT-1",,8/1/2025 0:00:00,"2.21.5.1","2-196",,"TACCO","CONTINGENCIES",1
1138,"If the UA loses link while in CONT-2, the IFF squawk will change to the lost link squawk at the expiration of the CONT-1 timer while the UA remains in a CONT-2 state?",,0,0,0,0.97,1,0,"NATOPS","MQ-4C","CONT-2",,8/1/2025 0:00:00,"2.21.5.2","2-197",,"TACCO","NOTE, CAUTION, WARNING",0
1139,"During an imminent loss, when will the IMMC zeroize the UAV systems after the timer has exceeded 20 seconds?",,1,0,0,0.28,1,0,"NATOPS","MQ-4C","CONT-3",,8/1/2025 0:00:00,"14.4","14-26",,"TACCO","CONTINGENCIES",1
1140,"On the SMR page, selection of the zeroize button will: (Select all that apply)",,1,0,0,0.09,1,0,"NATOPS","MQ-4C","KBAR",,8/1/2025 0:00:00,"7.2.23","7-69",,"TACCO","NOTE, CAUTION, WARNING",0
1141,"What is the function of SEM6?",,0,0,0,0.14,1,0,"NATOPS","MQ-4C","BAR",,8/1/2025 0:00:00,"22.2","22-10",,"TACCO","SOFTWARE",0
1143,"Severe KBAR malfunctions will manifest as a general failure of the HBC/LBC?",,0,0,0,0.98,1,0,"NATOPS","MQ-4C","KBAR",,8/1/2025 0:00:00,"25.3","25-2",,"TACCO","SYSTEMS",0
1144,"The IQ interface will command the BAR to stop recording if link is lost while the recorder is recording.",,0,0,0,0.46,1,0,"NATOPS","MQ-4C","BAR",,8/1/2025 0:00:00,"22.2","22-12",,"TACCO","SYSTEMS",0
1145,"If a BAR Re-pin procedure is unsuccessful, attempt re-pin up to _ times.",,0,0,0,0.02,1,0,"NATOPS","MQ-4C","BAR",,8/1/2025 0:00:00,"26.1.3","26-7",,"TACCO","NOTE, CAUTION, WARNING",0
1146,"A BAR Power Off Command with BAR already off will secure power to the",,0,0,0,0.61,1,0,"NATOPS","MQ-4C","BAR/AMP POWER CYCLE",,8/1/2025 0:00:00,"26.1.2","26-3",,"TACCO","AMP/BAR POWER CYCLE",1
1147,"After powering on High Band chassis or Low Band chassis, a __ minute wait period may be required before opening app loader to allow the chassis time to boot up",,0,0,0,0.57,1,0,"NATOPS","MQ-4C","HBC/LBC",,8/1/2025 0:00:00,"7.2.13","7-58",,"TACCO","NOTE, CAUTION, WARNING",1
1148,"After boot-up to Standby state, MFAS operation below ________ MSL should be avoided.",,1,0,0,0.22,1,0,"NATOPS","MQ-4C","MFAS",,8/1/2025 0:00:00,"7.2.18","7-64",,"TACCO","NOTE, CAUTION, WARNING",1
1149,"Commanding EO/IR LOS to -179° Az/ +35° El will protect the turret optical components and increase endurance and maximize ETOS.",,0,0,0,7.859528e-03,1,0,"NATOPS","MQ-4C","EO/IR",,8/1/2025 0:00:00,"7.2.19","7-66",,"TACCO","EO/IR",0
1150,"When AMP Power is secured in Step 7, the IMMC will send a STBY command to the ___.",,1,0,0,0.40,1,0,"NATOPS","MQ-4C","AMP",,8/1/2025 0:00:00,"26.1.2","26-3",,"TACCO","AMP",0
1151,"The KBAR requires 6 minutes to fully power on and authenticate SMR.",,0,0,0,0.21,1,0,"NATOPS","MQ-4C","KBAR",,8/1/2025 0:00:00,"26.1.5","26-8",,"TACCO","PROCEDURES",0
1152,"Disconnecting the Phone Home will turn off the video I/O streams.",,0,0,0,0.03,1,0,"NATOPS",,"PHONE HOME",,8/1/2025 0:00:00,"26.6","26-19",,"TACCO","NOTE, CAUTION, WARNING",0
1153,"The IMMC requires mission data to be loaded from the _____ or from the MCS through a C2 link.",,1,0,0,0.30,1,0,"NATOPS","MQ-4C","IMMC",,8/1/2025 0:00:00,"2.21","2-190",,"TACCO","IMMC",1
1154,"Action points attached to waypoints may be used to command specific functions, such as turning payload system power on or off.",,0,0,0,0.50,1,0,"NATOPS","MQ-4C","MISSION PLAN",,8/1/2025 0:00:00,"2.21.3","2-194",,"TACCO","SOFTWARE",0
